vendor,current_price,old_price,month
Loblaws,30.8,32.444,5
Loblaws,42.971,60.878,8
TandT,35.887,17.685,3
Loblaws,19.15,42.569,12
TandT,53.391,17.288,1
Loblaws,1.111,56.394,9
TandT,43.065,37.787,4
TandT,53.922,68.395,3
Loblaws,65.346,24.172,2
TandT,44.132,66.199,9
TandT,42.563,37.019,8
Loblaws,17.99,68.049,8
TandT,23.046,52.212,10
TandT,49.094,40.245,12
TandT,58.397,56.507,4
TandT,58.887,41.675,8
Loblaws,29.791,5.984,9
TandT,34.959,33.526,6
Loblaws,36.499,26.894,8
Loblaws,56.256,3.482,3
TandT,6.83,10.17,7
Loblaws,25.323,63.651,1
TandT,38.65,44.773,9
TandT,64.839,47.883,3
Loblaws,23.076,56.908,3
Loblaws,45.705,35.566,5
Loblaws,27.058,47.237,10
Loblaws,2.611,17.599,12
Loblaws,47.652,44.543,5
Loblaws,45.832,10.803,6
Loblaws,48.546,40.635,6
Loblaws,64.577,56.864,3
Loblaws,4.4,65.481,8
TandT,23.606,54.836,4
TandT,67.948,22.764,8
TandT,34.348,63.371,12
TandT,9.334,19.201,12
TandT,9.738,16.115,2
TandT,60.568,21.369,9
TandT,36.704,63.774,7
TandT,18.85,42.307,11
TandT,30.062,67.254,6
Loblaws,62.737,29.674,12
TandT,28.539,49.186,8
TandT,66.986,61.955,6
Loblaws,32.917,33.679,12
TandT,30.18,65.524,1
TandT,7.525,32.594,11
Loblaws,21.455,40.611,5
Loblaws,1.717,36.498,6
Loblaws,13.93,15.541,2
TandT,7.583,29.536,3
TandT,66.985,33.504,5
Loblaws,48.303,15.909,1
TandT,43.018,61.08,10
Loblaws,5.073,24.825,7
TandT,60.168,62.696,10
TandT,46.865,44.769,7
TandT,65.971,42.931,7
Loblaws,55.172,14.238,5
TandT,31.742,45.963,5
Loblaws,47.895,42.641,11
Loblaws,61.166,56.831,2
Loblaws,64.385,51.234,8
Loblaws,62.474,31.126,3
Loblaws,32.239,49.276,2
TandT,13.925,39.962,7
TandT,57.084,33.126,4
Loblaws,52.782,17.467,7
TandT,64.774,52.941,6
TandT,10.736,16.072,7
TandT,47.549,38.767,4
Loblaws,8.04,27.814,3
Loblaws,65.646,57.655,6
Loblaws,17.972,29.732,4
Loblaws,49.345,8.431,12
TandT,60.934,45.906,6
Loblaws,22.71,55.97,10
TandT,20.911,52.139,2
Loblaws,69.943,5.646,10
Loblaws,42.563,32.506,11
Loblaws,61.133,26.231,10
Loblaws,22.303,53.031,4
Loblaws,7.293,31.603,9
TandT,64.6,23.563,6
Loblaws,27.39,25.146,10
TandT,35.855,68.204,12
Loblaws,16.805,61.514,9
Loblaws,67.567,65.421,6
TandT,25.539,9.954,4
TandT,22.56,52.468,10
Loblaws,65.126,9.802,3
Loblaws,5.584,11.005,2
Loblaws,27.212,10.434,2
Loblaws,35.699,43.192,4
TandT,3.923,44.752,1
Loblaws,36.797,29.519,8
TandT,63.504,43.5,11
TandT,44.991,24.532,6
Loblaws,56.996,41.552,4
TandT,5.85,61.663,7
Loblaws,31.727,14.113,11
Loblaws,66.587,44.263,7
Loblaws,57.762,44.786,10
Loblaws,61.677,18.806,3
TandT,43.298,3.618,5
TandT,52.848,11.336,6
TandT,31.917,22.886,12
TandT,49.121,16.356,5
TandT,23.069,18.842,6
Loblaws,65.074,20.843,8
TandT,5.62,17.019,4
Loblaws,28.89,11.891,4
TandT,8.249,41.688,1
TandT,37.719,27.002,7
Loblaws,14.462,18.221,1
TandT,42.751,54.373,12
TandT,11.477,18.295,4
TandT,3.051,52.366,9
TandT,38.287,60.253,2
Loblaws,68.982,24.719,9
Loblaws,42.955,54.385,6
TandT,42.305,61.092,9
Loblaws,50.545,10.499,8
TandT,39.355,54.752,2
Loblaws,24.964,35.087,5
TandT,14.681,31.192,6
Loblaws,53.066,14.794,12
Loblaws,25.435,59.327,2
Loblaws,32.117,14.694,9
Loblaws,17.059,44.702,6
Loblaws,49.918,14.524,10
TandT,24.845,66.429,9
TandT,5.029,54.011,10
Loblaws,59.264,45.062,10
Loblaws,51.057,50.583,1
Loblaws,57.288,3.26,11
TandT,37.006,4.291,3
TandT,45.992,38.029,5
TandT,21.525,11.318,5
TandT,23.363,31.311,6
Loblaws,2.89,49.923,7
TandT,41.066,49.564,8
Loblaws,53.964,10.179,11
Loblaws,26.232,69.404,4
Loblaws,16.599,67.881,1
TandT,6.285,34.418,1
Loblaws,64.14,18.659,9
TandT,20.083,20.887,7
TandT,15.222,53.893,3
TandT,17.877,9.612,10
TandT,29.879,61.865,6
TandT,65.796,52.853,3
Loblaws,54.596,31.894,3
Loblaws,10.734,4.778,9
Loblaws,25.854,29.179,8
TandT,45.59,56.394,1
Loblaws,59.529,26.011,11
TandT,6.866,18.988,10
Loblaws,37.662,24.121,10
Loblaws,27.851,34.83,7
TandT,10.207,28.42,7
TandT,9.77,56.328,3
Loblaws,4.025,52.019,11
TandT,58.968,58.596,11
Loblaws,60.33,9.503,9
Loblaws,6.124,41.007,3
TandT,45.431,6.638,1
TandT,33.285,30.692,11
TandT,43.844,12.355,3
Loblaws,55.722,40.51,5
Loblaws,61.131,36.017,8
Loblaws,10.54,21.253,3
Loblaws,53.41,41.287,2
Loblaws,32.066,52.176,3
Loblaws,54.555,59.876,5
TandT,2.336,58.855,1
TandT,9.024,26.175,10
Loblaws,66.903,17.524,4
Loblaws,69.109,23.41,4
TandT,21.068,69.338,8
TandT,45.387,49.443,6
Loblaws,65.317,51.111,5
TandT,28.095,28.791,2
Loblaws,60.141,52.39,1
TandT,13.115,33.68,5
TandT,21.473,2.485,8
Loblaws,60.5,45.218,1
TandT,9.196,11.723,5
TandT,57.619,69.534,11
Loblaws,11.847,40.651,10
Loblaws,57.376,19.19,7
TandT,61.646,59.69,12
TandT,6.917,64.429,3
Loblaws,65.359,66.665,3
Loblaws,48.187,29.437,8
TandT,28.362,30.924,5
Loblaws,15.691,55.407,8
Loblaws,9.725,21.337,2
Loblaws,68.697,33.45,9
TandT,55.195,30.053,11
TandT,15.608,32.569,11
TandT,64.336,4.082,1
Loblaws,39.442,12.68,8
Loblaws,69.882,13.291,10
TandT,5.964,57.19,1
Loblaws,42.49,45.673,3
Loblaws,41.853,54.474,11
Loblaws,55.69,50.347,3
Loblaws,49.97,11.432,7
Loblaws,39.721,55.47,7
Loblaws,18.374,16.604,9
Loblaws,20.388,55.765,12
Loblaws,54.176,5.478,1
Loblaws,31.147,25.311,1
Loblaws,63.123,62.988,3
TandT,19.042,5.105,12
TandT,36.591,61.19,6
Loblaws,2.684,15.924,7
Loblaws,62.854,39.817,2
TandT,21.853,32.08,4
TandT,40.19,40.949,11
TandT,47.63,32.311,12
Loblaws,35.989,48.017,6
TandT,61.373,58.777,1
Loblaws,65.142,11.181,11
TandT,51.198,68.977,8
TandT,49.658,24.598,3
TandT,37.574,30.599,7
TandT,19.401,27.507,3
TandT,18.219,45.504,10
TandT,11.083,8.518,2
TandT,6.031,35.901,4
Loblaws,64.231,16.004,1
TandT,54.371,8.707,4
Loblaws,10.801,29.497,4
Loblaws,8.127,15.252,2
TandT,69.498,39.508,2
Loblaws,61.309,10.662,12
Loblaws,6.532,34.393,11
TandT,9.739,37.62,8
Loblaws,55.715,24.4,8
TandT,7.69,39.838,6
TandT,58.859,6.974,11
Loblaws,25.038,5.979,10
Loblaws,46.405,30.275,9
TandT,49.866,66.169,7
TandT,60.561,18.759,2
TandT,44.529,62.196,12
TandT,57.932,54.754,11
TandT,55.214,57.929,1
Loblaws,58.185,64.699,8
TandT,41.971,67.203,12
Loblaws,42.927,24.32,7
Loblaws,7.215,3.137,5
Loblaws,48.472,28.503,6
Loblaws,28.153,64.29,2
Loblaws,15.743,15.958,7
TandT,29.795,68.517,11
Loblaws,55.51,48.291,10
TandT,56.534,24.28,12
Loblaws,62.877,23.605,10
TandT,53.884,68.709,10
TandT,55.383,27.061,5
TandT,69.66,39.77,9
TandT,6.686,13.747,4
Loblaws,28.21,64.673,5
Loblaws,26.336,64.204,7
Loblaws,27.289,5.273,9
TandT,9.7,46.758,9
Loblaws,8.878,9.241,10
Loblaws,20.068,63.498,1
Loblaws,58.728,39.169,5
Loblaws,24.288,33.357,12
Loblaws,2.288,56.184,12
TandT,46.634,55.746,3
Loblaws,8.996,36.921,1
Loblaws,19.546,50.876,10
TandT,54.955,69.972,5
TandT,25.849,37.071,4
TandT,64.567,15.579,2
TandT,13.479,66.457,6
Loblaws,28.715,29.976,8
TandT,50.41,25.542,8
TandT,18.619,34.244,4
TandT,21.26,42.419,10
Loblaws,45.173,52.152,2
TandT,3.646,22.937,2
TandT,44.16,7.419,12
TandT,34.02,6.607,10
TandT,49.373,59.982,7
Loblaws,6.838,57.254,3
TandT,24.63,29.668,3
TandT,9.048,54.065,9
Loblaws,44.556,27.12,1
TandT,2.982,49.082,5
TandT,13.769,9.363,11
TandT,29.81,45.08,3
Loblaws,54.462,69.295,2
Loblaws,52.855,39.517,2
TandT,50.32,26.383,1
Loblaws,34.511,14.901,11
TandT,10.423,35.354,3
TandT,6.627,34.7,3
TandT,17.645,42.331,5
Loblaws,11.141,34.405,1
TandT,35.761,21.549,12
Loblaws,49.624,53.007,2
TandT,61.626,6.227,2
TandT,9.185,17.791,10
TandT,20.861,66.912,4
Loblaws,36.721,64.59,5
Loblaws,55.371,46.783,3
TandT,14.286,50.501,1
Loblaws,60.77,21.079,4
TandT,6.624,59.115,2
TandT,23.638,66.548,9
Loblaws,45.459,16.521,3
Loblaws,53.033,27.504,5
TandT,23.481,53.414,7
TandT,35.293,3.478,10
Loblaws,22.131,39.927,4
Loblaws,57.734,35.632,11
Loblaws,69.274,39.551,9
TandT,26.608,19.836,9
TandT,46.265,27.275,1
TandT,61.003,46.985,9
Loblaws,36.059,46.892,10
Loblaws,41.861,30.68,5
TandT,61.686,59.961,11
Loblaws,9.29,2.434,4
TandT,28.88,17.844,1
Loblaws,20.316,23.982,7
Loblaws,52.947,61.53,6
TandT,40.411,11.191,10
TandT,28.002,26.987,12
Loblaws,19.575,30.795,10
TandT,63.467,55.65,9
Loblaws,42.669,54.093,1
Loblaws,42.732,14.929,8
Loblaws,33.133,2.355,6
Loblaws,3.158,52.09,12
TandT,57.916,52.643,3
Loblaws,62.525,6.434,12
Loblaws,60.772,47.232,2
TandT,42.414,69.254,2
Loblaws,37.637,46.237,9
TandT,5.586,33.508,6
TandT,27.241,23.677,4
TandT,24.976,18.008,2
Loblaws,38.478,57.882,12
TandT,13.755,58.198,1
Loblaws,21.428,38.712,12
TandT,63.715,56.179,9
TandT,1.182,5.657,12
Loblaws,5.177,67.488,5
TandT,11.269,35.813,5
TandT,38.916,41.43,11
TandT,2.467,27.783,5
TandT,34.842,27.59,12
TandT,54.651,5.786,12
Loblaws,48.97,34.168,7
Loblaws,30.309,62.111,10
Loblaws,6.071,50.21,5
TandT,68.347,39.607,8
TandT,6.587,55.395,3
Loblaws,67.914,55.844,8
Loblaws,10.75,66.494,6
Loblaws,62.022,29.872,5
TandT,15.207,32.778,1
TandT,49.952,33.327,7
TandT,11.533,57.6,2
TandT,47.301,40.902,8
TandT,7.622,17.203,7
Loblaws,41.148,13.948,8
TandT,44.451,25.211,11
Loblaws,52.522,45.704,3
TandT,54.025,55.241,8
TandT,24.508,25.614,6
TandT,11.667,20.157,10
Loblaws,50.059,31.521,7
Loblaws,37.942,33.871,2
TandT,2.681,31.109,6
TandT,9.316,46.12,6
TandT,57.819,45.711,8
TandT,22.453,17.865,7
Loblaws,5.13,49.669,7
Loblaws,2.604,38.144,9
Loblaws,8.525,4.554,8
Loblaws,42.884,59.996,10
TandT,40.992,26.957,3
Loblaws,2.856,22.799,4
Loblaws,48.047,58.224,12
Loblaws,39.802,27.316,5
Loblaws,30.204,10.172,3
Loblaws,18.759,12.178,11
TandT,54.936,56.219,1
Loblaws,1.017,2.532,11
TandT,30.291,42.245,6
TandT,62.598,36.444,8
TandT,13.746,45.858,1
Loblaws,67.736,43.649,5
TandT,62.258,68.492,6
TandT,52.261,30.028,9
TandT,16.894,31.22,2
Loblaws,33.936,39.105,3
TandT,44.762,31.027,5
Loblaws,18.381,52.197,2
Loblaws,30.994,49.994,7
TandT,54.284,27.919,11
Loblaws,12.221,57.902,12
TandT,69.303,28.848,12
TandT,40.939,19.654,7
TandT,10.368,40.461,1
Loblaws,65.722,14.326,4
Loblaws,28.122,8.318,7
TandT,37.723,27.457,10
TandT,67.075,11.009,4
Loblaws,16.976,62.781,10
TandT,18.315,58.459,4
TandT,6.331,26.585,6
Loblaws,2.973,5.307,12
Loblaws,56.017,31.384,2
Loblaws,14.452,61.468,3
Loblaws,35.392,12.771,3
Loblaws,65.524,61.306,10
TandT,22.186,54.437,8
Loblaws,16.472,37.964,12
Loblaws,14.058,60.402,11
Loblaws,40.781,32.806,8
Loblaws,29.443,28.048,10
Loblaws,53.832,36.666,11
TandT,57.795,20.788,10
Loblaws,26.705,9.13,7
Loblaws,19.109,24.25,10
Loblaws,38.635,13.719,1
Loblaws,28.07,12.86,5
Loblaws,15.102,53.18,4
Loblaws,37.795,45.149,10
TandT,50.991,24.614,7
Loblaws,34.394,42.775,10
Loblaws,45.772,16.13,2
TandT,38.157,31.602,2
Loblaws,51.049,45.091,12
TandT,22.451,41.384,5
Loblaws,24.991,31.394,8
Loblaws,1.138,15.106,4
TandT,7.871,7.348,7
Loblaws,10.791,16.867,10
TandT,9.612,65.038,9
TandT,51.677,42.099,11
Loblaws,58.895,49.566,6
TandT,33.663,52.63,1
Loblaws,26.525,64.838,4
TandT,18.883,6.448,6
Loblaws,68.084,56.179,12
TandT,36.162,19.084,9
TandT,13.851,68.812,8
Loblaws,27.272,6.179,10
Loblaws,7.503,33.415,4
TandT,67.211,52.73,10
Loblaws,29.785,2.783,11
Loblaws,28.593,61.34,7
TandT,38.207,24.627,11
TandT,3.756,41.824,4
Loblaws,26.963,33.21,1
Loblaws,18.41,65.356,7
Loblaws,25.606,10.184,10
Loblaws,5.128,47.891,12
Loblaws,2.519,42.365,4
TandT,44.454,65.705,8
TandT,46.287,24.086,10
TandT,25.784,32.33,7
TandT,25.971,67.464,8
Loblaws,33.679,11.371,1
TandT,48.496,19.115,2
TandT,7.154,52.303,7
TandT,68.024,32.928,4
TandT,55.275,54.702,10
TandT,50.985,40.879,7
Loblaws,60.477,7.316,7
TandT,18.937,43.418,4
TandT,16.457,66.452,1
Loblaws,7.5,31.344,8
Loblaws,29.333,48.946,1
TandT,29.047,22.283,12
Loblaws,6.449,1.329,7
TandT,3.174,10.433,11
Loblaws,60.166,23.932,11
Loblaws,57.77,32.999,7
Loblaws,60.944,29.396,3
Loblaws,34.473,60.188,3
TandT,23.835,17.384,2
TandT,28.802,67.915,3
TandT,45.504,24.181,4
TandT,44.74,13.904,1
Loblaws,1.797,37.745,5
Loblaws,52.621,14.999,2
Loblaws,26.884,49.553,5
TandT,50.524,4.915,11
TandT,62.493,42.477,7
TandT,62.007,29.477,6
Loblaws,14.281,68.311,4
TandT,33.622,53.538,12
TandT,16.943,35.653,9
TandT,20.81,43.417,10
TandT,64.652,50.254,1
TandT,2.229,41.163,10
Loblaws,45.937,51.001,2
Loblaws,47.891,52.305,1
TandT,46.321,20.854,5
TandT,52.158,18.218,7
TandT,54.825,41.184,5
Loblaws,16.603,44.901,12
TandT,21.993,54.563,3
TandT,10.884,3.56,2
TandT,13.395,44.351,11
TandT,53.466,66.854,6
TandT,26.39,56.236,10
TandT,28.796,64.439,9
TandT,32.689,13.454,7
Loblaws,45.822,35.222,11
Loblaws,20.191,50.488,7
Loblaws,25.522,61.822,7
TandT,29.494,42.217,10
Loblaws,58.997,37.899,6
Loblaws,28.038,28.705,9
TandT,19.711,27.034,5
Loblaws,21.455,25.199,6
Loblaws,41.195,20.834,3
TandT,69.405,17.493,12
Loblaws,18.458,59.424,8
TandT,20.788,18.317,11
Loblaws,56.849,31.955,6
TandT,3.452,49.134,11
TandT,31.116,1.354,3
Loblaws,42.056,12.45,11
TandT,13.037,40.568,11
TandT,58.617,36.983,10
Loblaws,30.943,16.205,2
TandT,58.178,63.673,4
TandT,56.303,9.388,11
TandT,29.961,29.894,5
TandT,17.549,4.061,3
Loblaws,44.129,35.614,3
TandT,28.348,44.318,11
TandT,41.235,11.059,3
TandT,23.345,4.635,3
Loblaws,63.788,64.991,1
TandT,3.714,59.965,6
TandT,61.62,42.239,5
Loblaws,35.952,57.505,5
TandT,6.471,44.654,9
Loblaws,66.332,54.84,2
Loblaws,26.554,46.831,7
Loblaws,68.417,60.774,2
Loblaws,55.094,50.653,12
TandT,47.555,21.936,6
TandT,44.878,27.618,6
Loblaws,18.511,10.493,8
Loblaws,16.38,52.358,10
TandT,61.482,51.762,1
Loblaws,61.883,30.61,3
Loblaws,15.844,32.797,5
Loblaws,35.771,47.951,7
TandT,22.667,42.66,6
TandT,26.194,45.253,12
Loblaws,21.645,6.334,7
TandT,2.406,19.326,12
TandT,50.509,9.645,7
TandT,22.932,15.052,9
TandT,1.244,57.643,6
Loblaws,26.916,2.513,2
Loblaws,19.126,65.559,11
Loblaws,42.014,19.704,12
Loblaws,49.898,21.817,12
TandT,4.733,31.484,5
Loblaws,14.275,38.256,4
TandT,7.298,53.72,12
TandT,64.526,3.674,3
Loblaws,42.017,54.895,4
Loblaws,20.347,38.617,11
Loblaws,60.664,25.568,7
Loblaws,47.67,4.695,10
Loblaws,65.755,50.103,1
Loblaws,44.749,50.845,5
TandT,18.55,12.939,11
Loblaws,20.572,49.324,10
TandT,45.551,4.301,9
TandT,32.059,1.656,6
TandT,40.58,66.963,4
TandT,55.634,54.553,10
TandT,27.419,39.867,7
Loblaws,42.203,61.02,8
TandT,65.697,29.626,11
TandT,69.737,63.512,12
Loblaws,38.151,42.506,7
Loblaws,8.458,26.535,1
TandT,13.653,28.981,8
TandT,22.105,49.92,11
Loblaws,45.007,34.01,8
TandT,35.618,12.428,4
Loblaws,36.805,3.19,5
Loblaws,41.712,65.426,2
Loblaws,61.689,18.489,3
TandT,15.989,6.053,5
TandT,17.73,16.069,6
Loblaws,67.391,30.831,4
Loblaws,20.164,52.05,2
Loblaws,45.414,26.328,4
Loblaws,11.023,61.718,1
TandT,34.247,45.803,11
TandT,25.273,29.396,12
TandT,1.803,30.544,1
TandT,65.53,34.759,2
TandT,5.02,69.895,9
Loblaws,43.229,62.566,7
TandT,61.504,17.906,12
Loblaws,63.091,27.088,11
Loblaws,54.874,44.602,4
TandT,59.223,7.846,5
Loblaws,65.983,67.723,4
TandT,39.026,64.04,8
Loblaws,13.7,18.162,3
Loblaws,9.323,41.13,4
Loblaws,20.554,18.995,11
TandT,20.209,20.337,6
Loblaws,36.347,62.589,12
Loblaws,42.186,64.979,5
Loblaws,65.665,48.348,6
TandT,38.546,7.807,7
Loblaws,48.474,62.6,6
Loblaws,16.179,45.591,4
Loblaws,56.055,4.801,7
TandT,12.656,48.829,6
Loblaws,6.134,1.381,3
Loblaws,21.019,30.997,10
Loblaws,47.297,24.716,12
TandT,38.264,60.074,4
TandT,41.291,3.656,6
TandT,20.715,2.229,2
TandT,56.193,37.895,4
TandT,20.539,49.692,3
TandT,18.726,9.157,10
Loblaws,33.33,41.576,10
TandT,3.897,14.311,6
TandT,16.799,6.614,6
TandT,56.587,26.287,6
TandT,59.348,5.33,5
TandT,5.384,43.185,9
TandT,7.796,3.732,7
TandT,18.237,19.532,9
Loblaws,27.229,8.409,11
TandT,68.64,9.15,2
TandT,33.419,51.583,5
Loblaws,60.264,34.765,1
Loblaws,59.271,41.303,6
Loblaws,24.316,13.124,9
TandT,5.464,57.757,10
TandT,2.353,8.183,1
Loblaws,8.406,54.434,8
TandT,3.507,49.792,1
Loblaws,62.913,54.754,2
TandT,53.118,49.066,5
Loblaws,22.969,49.871,5
TandT,24.312,24.937,2
Loblaws,65.568,65.067,9
TandT,50.792,59.353,1
Loblaws,42.021,32.331,1
TandT,67.835,40.561,3
Loblaws,69.482,52.457,1
Loblaws,48.657,2.35,3
Loblaws,62.923,6.803,12
TandT,23.316,42.683,7
Loblaws,62.062,3.165,6
TandT,42.092,22.406,3
TandT,15.942,54.717,2
Loblaws,47.736,42.181,3
TandT,47.545,42.968,3
Loblaws,44.84,63.569,3
TandT,41.922,66.729,7
Loblaws,60.64,59.987,9
TandT,46.397,30.205,6
TandT,35.461,27.877,11
Loblaws,31.364,52.624,1
Loblaws,10.51,18.615,8
Loblaws,65.65,48.272,10
Loblaws,57.488,57.436,3
TandT,23.982,36.133,11
TandT,46.025,60.617,7
TandT,12.259,62.689,5
TandT,45.637,63.646,5
Loblaws,44.9,66.143,5
Loblaws,20.104,5.086,12
Loblaws,27.071,55.405,5
TandT,49.077,24.043,4
TandT,47.257,56.415,6
Loblaws,32.829,63.952,6
TandT,57.061,26.905,3
TandT,62.719,29.031,5
Loblaws,38.374,52.536,7
Loblaws,7.624,36.273,6
Loblaws,68.496,15.026,10
Loblaws,51.475,62.94,1
Loblaws,41.288,50.249,7
TandT,14.821,17.036,10
Loblaws,9.468,20.876,10
TandT,24.327,59.415,4
Loblaws,29.261,31.173,2
Loblaws,12.605,57.575,3
TandT,43.387,3.669,5
TandT,55.059,57.738,10
Loblaws,38.554,47.416,4
Loblaws,42.46,3.634,4
TandT,49.765,30.36,9
Loblaws,35.89,45.706,10
TandT,69.424,26.427,2
Loblaws,19.978,59.026,1
Loblaws,33.256,16.967,6
Loblaws,12.003,67.341,5
Loblaws,21.755,2.703,1
TandT,40.947,5.907,11
Loblaws,18.562,17.171,7
TandT,40.307,60.528,9
Loblaws,41.407,43.027,7
Loblaws,16.155,7.97,5
Loblaws,58.531,28.845,10
TandT,33.017,21.579,6
Loblaws,62.899,45.577,12
TandT,11.366,64.216,3
Loblaws,8.233,3.647,6
TandT,32.811,2.796,10
TandT,58.596,59.369,11
Loblaws,59.089,35.23,5
Loblaws,68.452,1.575,2
TandT,48.416,23.484,10
TandT,16.51,44.055,4
TandT,9.23,48.819,7
Loblaws,2.957,28.444,10
TandT,67.308,39.097,12
Loblaws,33.743,53.549,10
Loblaws,23.36,54.319,9
Loblaws,56.197,27.037,8
Loblaws,30.96,5.036,6
Loblaws,7.477,64.782,10
TandT,60.427,61.871,10
TandT,32.222,66.369,5
TandT,57.584,3.119,4
TandT,9.65,59.47,5
Loblaws,62.978,53.42,2
TandT,67.95,21.726,4
TandT,30.134,26.427,11
TandT,39.557,67.459,8
Loblaws,27.662,15.778,10
Loblaws,38.893,21.761,12
Loblaws,1.7,5.989,7
Loblaws,14.666,12.931,2
TandT,28.29,38.007,5
Loblaws,18.525,22.163,6
Loblaws,37.954,27.977,3
Loblaws,27.956,8.27,4
Loblaws,31.566,16.087,1
TandT,41.299,24.891,7
Loblaws,15.877,11.458,1
TandT,33.576,34.705,3
TandT,45.048,64.857,10
Loblaws,30.259,41.43,11
Loblaws,10.258,25.842,6
TandT,1.232,35.178,10
TandT,57.386,50.059,1
TandT,40.458,59.582,3
Loblaws,34.501,59.164,11
TandT,1.191,31.182,5
TandT,48.565,32.808,10
Loblaws,20.369,55.451,3
TandT,45.069,41.251,8
TandT,68.462,59.181,1
TandT,13.128,50.695,1
Loblaws,32.263,40.805,12
TandT,61.753,36.121,9
TandT,12.9,4.303,12
Loblaws,53.516,27.372,9
TandT,33.875,24.511,7
Loblaws,20.25,38.653,9
TandT,18.191,40.64,12
TandT,48.035,41.566,4
Loblaws,45.364,62.129,12
TandT,9.51,61.329,4
TandT,28.192,43.392,7
Loblaws,15.481,25.782,12
Loblaws,20.912,68.331,4
Loblaws,6.969,9.03,8
TandT,47.141,21.908,8
TandT,47.723,11.858,2
TandT,34.559,36.666,1
Loblaws,4.44,22.292,12
TandT,16.375,2.454,9
Loblaws,47.941,8.546,10
TandT,21.414,38.621,11
Loblaws,49.435,10.095,1
Loblaws,56.705,35.99,5
Loblaws,42.395,23.655,3
Loblaws,37.565,33.207,4
Loblaws,42.411,27.13,5
TandT,58.072,40.729,4
TandT,66.441,56.786,10
Loblaws,68.347,51.022,11
Loblaws,12.876,44.991,7
TandT,3.751,21.632,4
TandT,67.741,47.245,6
TandT,1.262,49.138,5
TandT,38.052,44.894,5
TandT,4.266,10.592,8
Loblaws,10.076,69.255,11
TandT,24.977,18.366,7
Loblaws,35.285,24.314,6
Loblaws,43.025,47.433,2
TandT,40.993,37.93,10
TandT,8.384,54.124,10
TandT,51.128,68.397,3
Loblaws,12.483,48.944,7
TandT,64.259,29.731,6
TandT,21.091,24.488,7
Loblaws,36.234,61.261,7
Loblaws,2.682,61.172,11
TandT,18.394,68.403,12
TandT,14.732,66.119,10
Loblaws,47.866,44.655,9
Loblaws,17.666,56.964,8
TandT,11.943,33.515,7
TandT,69.777,12.867,11
TandT,16.791,39.159,2
TandT,69.951,55.808,3
Loblaws,31.41,55.871,8
TandT,34.745,50.711,9
Loblaws,37.395,34.981,7
TandT,39.217,41.155,7
Loblaws,7.897,25.937,10
Loblaws,55.328,50.64,12
Loblaws,29.509,5.17,2
TandT,15.543,11.63,5
TandT,4.38,54.924,5
TandT,10.354,27.393,6
TandT,28.059,43.4,1
Loblaws,35.532,50.409,1
Loblaws,47.299,14.05,3
TandT,19.791,69.089,5
Loblaws,28.588,29.128,2
Loblaws,51.909,63.484,11
Loblaws,54.433,65.591,3
Loblaws,18.808,40.954,12
TandT,3.71,39.574,7
Loblaws,24.951,55.034,7
Loblaws,66.257,46.775,11
TandT,20.233,30.901,3
TandT,15.255,59.234,1
Loblaws,48.139,16.779,10
TandT,55.39,7.684,12
Loblaws,57.82,36.615,3
Loblaws,26.674,3.349,3
TandT,25.986,47.073,8
TandT,37.098,62.204,11
TandT,59.775,30.861,6
Loblaws,52.418,3.839,3
Loblaws,11.859,42.574,9
Loblaws,4.487,23.184,12
TandT,52.316,27.645,5
TandT,7.808,6.341,6
Loblaws,56.127,48.746,5
TandT,14.462,28.711,10
Loblaws,14.101,58.578,9
Loblaws,17.734,22.792,12
Loblaws,44.319,44.345,10
Loblaws,49.563,45.923,4
Loblaws,61.463,54.054,9
Loblaws,24.521,32.143,8
Loblaws,7.469,23.968,5
TandT,6.183,43.744,12
Loblaws,10.221,67.338,4
Loblaws,55.455,19.566,4
TandT,36.678,4.819,12
TandT,17.016,39.277,5
TandT,26.656,41.161,6
Loblaws,37.706,56.156,6
TandT,51.863,40.913,2
Loblaws,64.007,7.416,8
Loblaws,41.217,17.959,6
Loblaws,59.917,54.785,5
TandT,22.209,54.934,7
Loblaws,12.599,57.405,5
TandT,53.97,65.634,3
Loblaws,39.917,49.778,12
Loblaws,20.393,19.172,10
Loblaws,6.121,67.971,10
Loblaws,23.861,61.921,11
TandT,28.16,37.53,7
TandT,57.718,47.069,5
TandT,36.039,10.569,2
Loblaws,12.595,8.841,11
Loblaws,66.148,40.882,2
Loblaws,49.022,30.08,6
TandT,53.704,19.33,9
TandT,21.155,65.625,10
TandT,43.25,22.96,12
TandT,59.014,43.367,3
TandT,38.016,38.109,9
Loblaws,22.257,22.998,8
TandT,51.314,52.621,9
Loblaws,55.723,51.476,9
TandT,26.378,7.562,4
TandT,69.724,55.728,4
TandT,60.947,62.407,7
Loblaws,29.25,45.016,9
Loblaws,40.406,45.65,8
Loblaws,20.124,56.9,11
Loblaws,23.503,48.718,11
TandT,33.712,18.222,12
Loblaws,58.729,54.968,11
Loblaws,11.859,15.443,2
TandT,23.065,2.461,5
TandT,52.547,49.961,6
TandT,61.665,54.179,7
TandT,11.894,24.73,6
Loblaws,50.894,17.656,7
TandT,44.173,17.051,2
Loblaws,65.028,16.114,12
TandT,16.107,53.684,4
Loblaws,67.552,41.001,11
Loblaws,19.461,18.592,2
TandT,56.265,6.384,5
TandT,2.445,3.062,10
Loblaws,51.05,38.212,3
TandT,33.795,54.747,2
Loblaws,30.803,68.422,11
Loblaws,65.443,47.308,4
TandT,24.668,60.326,5
Loblaws,7.769,60.779,2
Loblaws,8.455,47.019,12
Loblaws,5.42,38.593,4
TandT,38.571,69.059,12
TandT,24.88,60.504,7
Loblaws,39.075,35.38,4
TandT,52.266,51.588,1
Loblaws,59.899,58.026,10
TandT,23.505,18.805,2
Loblaws,17.112,13.213,4
Loblaws,5.505,66.269,9
Loblaws,42.659,6.368,8
TandT,45.743,40.805,10
TandT,55.623,42.979,6
TandT,44.923,14.74,12
TandT,25.323,55.309,11
TandT,53.228,17.806,11
Loblaws,15.267,19.138,7
TandT,25.422,46.998,5
Loblaws,15.298,50.588,6
Loblaws,61.118,5.365,6
TandT,7.347,3.679,6
Loblaws,24.808,26.977,4
Loblaws,41.225,33.294,12
Loblaws,65.432,22.623,10
TandT,25.611,62.658,1
Loblaws,53.838,25.812,1
TandT,1.334,2.16,7
Loblaws,30.215,20.648,2
TandT,15.355,63.932,2
Loblaws,4.647,22.386,9
Loblaws,45.066,46.609,7
Loblaws,20.781,8.623,8
Loblaws,41.561,64.625,1
TandT,35.845,49.044,11
Loblaws,50.24,42.849,11
TandT,40.964,4.086,11
TandT,31.28,69.333,8
TandT,11.297,21.045,6
TandT,67.045,54.256,1
Loblaws,4.156,12.645,10
Loblaws,67.958,40.053,8
Loblaws,45.457,64.047,7
TandT,57.755,22.659,10
Loblaws,7.014,68.371,10
TandT,46.353,47.833,1
TandT,3.748,22.052,7
Loblaws,17.728,12.149,3
TandT,57.744,47.008,7
Loblaws,33.635,57.427,12
TandT,36.8,32.631,12
TandT,31.814,60.341,9
TandT,52.553,1.988,7
TandT,65.693,14.837,11
Loblaws,50.557,60.054,11
TandT,16.454,67.616,1
TandT,28.655,29.397,4
TandT,16.473,22.598,3
Loblaws,6.734,42.741,7
TandT,32.114,22.611,1
TandT,42.055,36.781,8
Loblaws,23.583,54.607,5
TandT,26.994,60.537,11
TandT,1.477,49.942,9
TandT,54.262,2.289,12
TandT,15.502,34.492,9
TandT,27.904,38.837,7
TandT,46.327,17.186,7
TandT,42.089,31.67,12
Loblaws,37.149,64.143,11
Loblaws,2.456,66.067,5
Loblaws,38.241,18.143,9
TandT,25.44,33.124,7
Loblaws,27.298,59.431,10
TandT,52.205,2.611,1
Loblaws,41.797,29.291,8
Loblaws,46.444,43.189,9
Loblaws,20.841,60.88,8
TandT,41.759,52.558,12
TandT,36.087,36.57,11
TandT,50.856,6.232,3
TandT,34.113,55.187,7
Loblaws,48.372,44.24,6
Loblaws,2.854,63.395,3
TandT,26.455,49.129,10
TandT,17.627,23.421,10
Loblaws,49.946,64.568,5
Loblaws,66.488,18.926,5
Loblaws,29.089,66.206,12
TandT,36.885,6.888,12
TandT,35.248,58.091,2
Loblaws,9.869,50.046,10
TandT,31.194,59.6,7
Loblaws,33.36,55.69,7
Loblaws,40.71,22.131,5
TandT,53.947,12.605,10
TandT,37.492,14.648,4
TandT,34.043,5.435,11
Loblaws,13.964,39.952,11
Loblaws,40.151,50.212,5
Loblaws,49.273,8.475,2
Loblaws,11.868,59.24,11
Loblaws,41.027,26.73,11
TandT,19.712,31.304,1
TandT,3.78,46.404,5
Loblaws,10.837,11.554,11
Loblaws,44.866,46.572,5
Loblaws,7.293,47.016,5
Loblaws,19.215,22.111,10
TandT,59.955,54.223,2
Loblaws,15.942,45.741,2
TandT,51.671,16.904,10
Loblaws,69.343,65.472,1
TandT,68.762,16.134,11
TandT,23.451,41.05,6
TandT,60.24,44.321,5
TandT,12.174,60.794,7
Loblaws,16.899,37.005,9
TandT,1.523,8.44,3
Loblaws,43.368,62.468,10
TandT,27.976,25.198,8
TandT,67.674,18.211,7
Loblaws,58.252,24.022,1
TandT,14.805,32.678,10
Loblaws,67.921,37.262,8
TandT,33.731,56.166,1
TandT,49.602,15.297,9
TandT,1.659,68.005,11
Loblaws,48.412,15.933,11
TandT,28.564,1.958,2
TandT,58.182,65.471,6
TandT,39.863,32.362,4
Loblaws,23.175,8.495,2
Loblaws,26.59,62.549,5
Loblaws,42.986,65.518,4
Loblaws,25.565,9.802,4
TandT,44.799,42.895,1
TandT,35.413,39.457,11
Loblaws,8.159,26.088,3
Loblaws,44.474,11.258,11
TandT,6.665,25.866,7
Loblaws,4.819,22.456,9
TandT,35.893,46.953,1
TandT,12.636,59.595,12
TandT,11.36,49.786,6
TandT,44.851,11.975,3
TandT,29.882,69.753,11
TandT,31.84,34.625,11
Loblaws,6.694,31.8,9
Loblaws,26.438,33.188,9
TandT,18.419,15.109,5
Loblaws,33.579,57.067,12
TandT,3.316,11.775,8
Loblaws,42.381,27.434,9
Loblaws,12.001,62.087,5
Loblaws,44.836,59.636,2
TandT,63.991,7.662,10
Loblaws,24.259,8.813,1
Loblaws,7.079,7.64,8
Loblaws,49.141,46.78,4
TandT,14.083,1.765,12
Loblaws,1.942,63.954,12
Loblaws,29.52,43.108,9
Loblaws,35.645,14.866,9
TandT,21.843,46.195,2
TandT,3.799,46.921,6
Loblaws,49.12,35.047,3
Loblaws,63.926,47.761,12
Loblaws,50.359,28.108,6
TandT,41.063,38.494,9
Loblaws,62.848,55.52,1
Loblaws,40.801,38.557,1
TandT,62.137,39.545,11
TandT,49.816,35.427,1
TandT,20.726,15.933,6
Loblaws,29.504,65.873,12
Loblaws,50.188,2.596,5
Loblaws,26.822,33.914,3
TandT,5.002,19.466,1
Loblaws,44.464,15.36,8
Loblaws,61.782,15.702,4
Loblaws,26.449,65.567,7
TandT,32.657,23.206,4
TandT,44.21,42.987,7
Loblaws,25.142,23.847,5
TandT,52.323,7.812,1
TandT,69.67,7.349,8
TandT,35.343,35.682,9
TandT,50.167,68.624,3
TandT,32.056,30.012,8
Loblaws,4.697,42.206,10
TandT,40.775,17.507,2
Loblaws,5.005,65.3,11
TandT,22.07,26.434,3
TandT,39.723,44.249,7
Loblaws,16.958,9.977,10
TandT,53.819,41.991,10
Loblaws,39.711,10.148,11
Loblaws,61.601,64.199,1
Loblaws,6.433,64.333,3
Loblaws,31.201,43.504,7
TandT,51.628,30.553,8
Loblaws,43.662,55.331,8
TandT,66.198,29.695,7
Loblaws,7.862,22.625,9
TandT,67.83,68.12,1
Loblaws,3.366,54.861,1
TandT,22.528,10.675,6
Loblaws,1.612,8.419,6
Loblaws,41.439,37.487,12
TandT,40.909,24.642,7
TandT,31.186,51.15,11
TandT,53.618,21.689,8
TandT,17.344,62.01,5
Loblaws,29.935,55.35,12
Loblaws,48.241,35.512,8
Loblaws,14.703,65.356,12
Loblaws,63.242,51.838,11
TandT,58.739,25.721,11
Loblaws,37.139,29.888,9
TandT,10.222,47.765,12
TandT,64.015,69.306,7
Loblaws,24.089,30.389,5
TandT,28.469,44.858,11
Loblaws,56.755,17.173,3
TandT,63.377,66.841,10
TandT,18.451,10.865,7
TandT,2.873,40.069,4
Loblaws,25.125,48.515,3
Loblaws,17.531,49,8
TandT,50.319,31.997,4
TandT,47.613,32.04,10
Loblaws,1.288,51.17,9
Loblaws,47.666,46.332,9
TandT,62.892,50.696,8
Loblaws,35.829,40.51,8
TandT,5.185,6.138,6
Loblaws,58.457,48.767,11
Loblaws,49.67,20.344,8
Loblaws,16.789,38.294,6
TandT,32.819,10.13,11
Loblaws,13.219,40.307,5
Loblaws,3.097,15.712,5
TandT,55.196,40.693,1
Loblaws,55.522,32.562,5
Loblaws,27.91,35.677,12
TandT,61.938,20.547,10
TandT,56.824,19.723,8
Loblaws,5.353,8.927,8
TandT,43.001,68.499,1
TandT,47.119,18.919,11
Loblaws,37.752,5.723,5
Loblaws,47.147,39.009,2
TandT,34.61,4.377,12
TandT,38.825,54.613,10
Loblaws,14.039,63.164,12
Loblaws,8.29,64.602,11
Loblaws,66.35,7.908,6
Loblaws,24.349,7.842,6
Loblaws,2.159,36.184,1
Loblaws,47.54,15.999,8
Loblaws,7.905,19.728,9
Loblaws,42.21,56.472,12
TandT,29.884,54.927,2
TandT,69.929,41.743,10
TandT,10.152,49.273,8
Loblaws,1.077,24.791,7
TandT,30.576,19.814,6
TandT,50.414,18.221,10
Loblaws,34.018,47.005,7
TandT,42.258,56.807,3
TandT,11.493,42.209,6
TandT,24.405,36.247,8
Loblaws,58.588,2.729,2
TandT,65.071,49.771,2
Loblaws,18.472,20.147,12
Loblaws,9.83,55.275,4
TandT,12.446,68.522,9
TandT,41.723,6.188,5
Loblaws,41.513,55.532,3
Loblaws,56.845,35.902,4
TandT,58.239,47.282,10
TandT,9.371,10.32,12
TandT,52.169,19.909,11
Loblaws,14.679,46.039,10
Loblaws,20.979,45.511,9
Loblaws,22.956,13.603,4
TandT,32.992,61.512,6
TandT,55.449,43.409,7
Loblaws,19.334,51.704,11
TandT,45.063,43.542,12
TandT,50.608,15.803,7
Loblaws,42.092,66.876,8
Loblaws,15.566,54.479,1
Loblaws,27.406,52.646,11
TandT,40.21,27.821,9
Loblaws,24.568,16.979,12
TandT,55.559,39.776,3
TandT,6.17,47.126,2
Loblaws,37.117,19.273,4
TandT,32.633,46.896,4
Loblaws,20.422,23.717,8
Loblaws,55.497,55.746,2
Loblaws,1.58,18.251,6
Loblaws,2.255,17.267,7
Loblaws,60.096,21.199,11
TandT,67.042,43.392,4
TandT,18.838,59.388,11
TandT,54.561,38.414,4
TandT,58.094,23.295,4
TandT,36.06,50.355,4
TandT,33.702,2.84,2
TandT,69.8,6.796,2
Loblaws,6.883,38.934,9
TandT,7.548,44.855,3
Loblaws,25.363,42.64,10
Loblaws,65.618,52.569,3
Loblaws,20.823,12.406,9
TandT,66.228,4.31,2
TandT,13.136,30.954,9
Loblaws,37.818,2.063,12
TandT,6.358,45.273,11
TandT,50.583,47.132,9
Loblaws,49.636,12.408,9
TandT,31.491,10.24,8
TandT,42.348,38.344,12
TandT,29.777,38.297,3
Loblaws,25.378,47.902,11
Loblaws,32.631,64.765,5
Loblaws,32.578,31.817,2
TandT,31.534,65.51,11
TandT,18.591,9.357,10
TandT,53.706,68.125,9
TandT,17.996,11.554,9
Loblaws,2.81,57.042,12
Loblaws,39.414,26.337,10
Loblaws,18.661,9.876,4
TandT,12.372,7.377,1
Loblaws,29.911,43.595,8
Loblaws,4.813,52.842,3
TandT,13.315,12.608,5
TandT,16.867,42.234,8
Loblaws,56.058,9.957,7
TandT,67.582,51.588,5
TandT,2.517,3.192,1
TandT,60.018,12.214,10
Loblaws,62.387,21.015,2
Loblaws,63.048,38.593,5
TandT,9.531,66.617,9
Loblaws,68.003,32.934,7
Loblaws,48.644,35.113,10
Loblaws,56.719,58.039,4
Loblaws,31.819,31.368,11
Loblaws,32.384,14.336,4
Loblaws,13.251,59.312,11
Loblaws,43.667,67.016,2
TandT,23.976,55.502,4
TandT,48.202,7.548,12
TandT,34.629,31.408,6
TandT,58.341,47.763,10
TandT,59.017,56.693,9
TandT,20.896,47.147,5
TandT,69.647,43.447,9
TandT,18.262,48.373,8
Loblaws,21.968,27.719,10
TandT,56.762,38.96,12
Loblaws,42.624,4.191,2
Loblaws,67.616,67.321,1
TandT,26.955,28.781,1
TandT,67.267,26.001,9
TandT,47.907,66.826,7
TandT,69.246,42.941,11
TandT,25.132,47.975,9
Loblaws,14.129,39.664,6
TandT,50.54,13.618,3
Loblaws,65.932,5.997,7
Loblaws,61.35,55.504,7
TandT,28.721,19.751,8
TandT,54.481,7.49,6
TandT,3.085,59.594,1
TandT,50.323,25.585,7
Loblaws,22.382,51.341,4
Loblaws,5.363,6.948,7
TandT,46.045,28.838,11
TandT,8.801,15.531,6
TandT,61.626,5.611,1
TandT,36.439,15.683,1
Loblaws,33.161,14.015,3
Loblaws,55.581,43.787,9
TandT,41.967,25.978,11
TandT,37.284,67.713,7
TandT,49.556,22.552,10
Loblaws,69.71,57.961,5
TandT,4.2,29.182,2
Loblaws,40.895,56.772,9
TandT,63.892,25.827,4
TandT,22.308,66.815,11
Loblaws,34.92,9.102,1
Loblaws,35.327,42.972,6
TandT,37.729,22.561,12
TandT,54.588,39.789,5
Loblaws,18.76,55.874,12
TandT,11.945,16.281,2
Loblaws,43.518,10.892,7
Loblaws,7.855,8.152,4
Loblaws,25.31,47.572,2
TandT,23.789,29.345,3
TandT,31.506,28.265,8
Loblaws,30.153,17.274,9
TandT,57.367,57.655,6
Loblaws,52.421,50.523,3
Loblaws,35.95,45.495,8
TandT,15.187,51.112,8
Loblaws,32.435,30.482,12
Loblaws,45.26,45.594,9
Loblaws,51.283,11.493,9
Loblaws,53.916,3.122,11
Loblaws,67.016,43.826,1
Loblaws,28.95,1.251,1
Loblaws,21.675,2.863,2
TandT,67.247,33.917,10
Loblaws,9.924,65.928,6
TandT,21.482,4.754,2
Loblaws,57.373,49.264,5
TandT,31.193,27.967,6
Loblaws,36.477,50.646,8
Loblaws,42.879,63.496,7
TandT,17.899,9.105,12
TandT,22.42,66.773,4
Loblaws,13.246,9.268,7
Loblaws,66.781,7.628,12
TandT,11.955,35.325,2
Loblaws,45.168,21.591,6
Loblaws,5.069,33.387,5
TandT,42.73,20.237,7
TandT,60.118,17.511,3
TandT,51.299,38.627,11
TandT,3.53,29.956,10
Loblaws,38.259,67.931,8
Loblaws,62.961,24.007,2
TandT,51.229,19.102,11
TandT,6.413,65.315,12
TandT,41.442,44.399,11
Loblaws,15.608,12.89,5
Loblaws,64.747,55.867,8
TandT,16.267,21.149,4
Loblaws,38.3,65.08,6
TandT,28.782,40.55,9
TandT,44.364,1.083,1
Loblaws,12.316,50.431,1
Loblaws,21.028,21.722,4
TandT,35.57,43.045,6
TandT,17.337,26.095,3
Loblaws,23.624,31.137,5
Loblaws,37.458,38.463,8
TandT,41.781,58.914,8
TandT,15.489,64.449,1
TandT,69.854,10.799,8
TandT,3.781,9.368,7
TandT,27.658,27.633,9
TandT,9.024,29.166,9
Loblaws,21.005,21.407,12
Loblaws,11.492,33.808,8
TandT,60.643,52.827,4
Loblaws,26.69,26.672,5
TandT,19.616,22.681,6
Loblaws,64.144,60.498,11
Loblaws,40.577,48.431,4
Loblaws,31.516,6.309,7
Loblaws,55.074,27.684,5
TandT,38.947,35.03,9
TandT,48.011,60.414,9
TandT,43.468,50.904,3
Loblaws,43.907,29.534,5
TandT,64.581,45.166,7
TandT,46.51,63.764,7
Loblaws,59.849,41.508,9
Loblaws,47.625,44.789,12
TandT,12.541,13.09,9
Loblaws,59.808,31.309,6
TandT,63.072,12.837,1
Loblaws,51.585,35.323,6
Loblaws,13.281,18.409,11
Loblaws,16.294,59.853,5
TandT,18.871,20.447,5
Loblaws,50.7,61.611,1
Loblaws,37.931,8.312,11
TandT,46.854,17.827,9
TandT,65.628,4.496,5
Loblaws,31.644,17.384,8
TandT,53.731,23.602,7
TandT,13.761,34.344,10
TandT,46.402,36.326,12
Loblaws,15.858,63.589,7
Loblaws,28.06,7.293,1
Loblaws,64.941,45.932,10
Loblaws,35.566,66.629,6
TandT,54.49,50.025,3
TandT,67.025,56.533,12
Loblaws,26.139,64.092,5
TandT,52.157,4.266,12
TandT,42.875,36.388,10
Loblaws,51.684,43.409,4
Loblaws,9.762,15.841,12
TandT,57.438,9.244,7
TandT,41.029,48.119,5
TandT,66.175,65.889,12
TandT,45.934,13.338,2
TandT,7.075,14.511,8
TandT,57.362,28.852,3
Loblaws,62.205,43.992,3
TandT,29.964,32.927,1
Loblaws,22.628,64.441,5
TandT,29.893,40.033,7
TandT,29.044,68.73,7
Loblaws,48.509,18.326,6
Loblaws,18.519,41.269,8
Loblaws,45.918,6.01,12
TandT,55.322,49.298,10
TandT,21.024,10.878,6
TandT,24.583,28.321,10
TandT,63.534,54.586,11
TandT,38.523,8.366,1
TandT,64.827,50.868,2
TandT,36.569,8.399,11
Loblaws,2.859,31.343,11
TandT,29.245,55.27,12
TandT,3.333,61.744,1
TandT,8.398,52.097,1
TandT,27.452,19.565,11
Loblaws,44.298,45.608,5
TandT,38.316,46.697,2
TandT,17.906,18.069,11
TandT,27.964,12.579,3
Loblaws,22.158,57.243,7
Loblaws,37.903,47.219,9
TandT,3.216,51.17,2
Loblaws,27.096,44.379,10
Loblaws,63.167,34.546,12
TandT,28.558,58.949,4
Loblaws,24.939,59.531,5
TandT,60.823,5.308,5
Loblaws,40.927,22.116,10
TandT,26.117,9.543,5
Loblaws,19.199,8.285,4
Loblaws,43.352,7.636,8
TandT,51.862,28.272,5
TandT,17.597,63.455,10
TandT,49.097,46.67,6
TandT,28.176,38.599,4
TandT,49.603,32.879,8
Loblaws,37.561,3.566,5
Loblaws,3.94,46.349,9
TandT,11.426,18.472,8
Loblaws,26.65,68.71,4
TandT,54.5,43.996,7
TandT,32.217,62.615,1
TandT,57.738,39.164,1
TandT,43.148,51.584,7
TandT,40.618,37.497,8
TandT,38.935,21.302,7
TandT,61.867,2.177,9
Loblaws,5.514,40.983,8
TandT,23.516,5.088,6
